mean_fit_time,std_fit_time,mean_score_time,std_score_time,param_EL__alpha,param_EL__l1_ratio,params,split0_test_score,split1_test_score,split2_test_score,split3_test_score,split4_test_score,mean_test_score,std_test_score,rank_test_score
0.013011884689331055,0.005024909394858402,0.006446027755737304,0.0005572876387414522,0.0001,0.0001,"{'EL__alpha': 0.0001, 'EL__l1_ratio': 0.0001}",0.4407938444339018,0.5024686559508704,0.4625588647430199,0.5186863354364317,0.6167844891414906,0.5082584379411429,0.06092633056141739,14
0.00970616340637207,0.0007458862447238031,0.0062062740325927734,0.00040371003408166847,0.0001,0.11120000000000001,"{'EL__alpha': 0.0001, 'EL__l1_ratio': 0.11120000000000001}",0.4407978808951255,0.5024181315297405,0.46255502371744384,0.5186949055171104,0.6167788060066002,0.5082489495332041,0.06092524550302308,16
0.01060333251953125,0.0008071358306312473,0.0075042724609375,0.0025377533990884825,0.0001,0.2223,"{'EL__alpha': 0.0001, 'EL__l1_ratio': 0.2223}",0.44080192028318177,0.5023675506097673,0.4625511784405415,0.5187034745753901,0.6167731150528629,0.5082394477923488,0.06092416603445296,18
0.009599065780639649,0.0004903543642869185,0.005821847915649414,0.00041210714778238983,0.0001,0.33340000000000003,"{'EL__alpha': 0.0001, 'EL__l1_ratio': 0.33340000000000003}",0.44080596260023486,0.5023169131025362,0.46254732890782,0.5187120426105813,0.6167674162730635,0.5082299326988472,0.06092309217785626,19
0.00890974998474121,0.0005006062454745554,0.005802726745605469,0.0003998897137429774,0.0001,0.4445,"{'EL__alpha': 0.0001, 'EL__l1_ratio': 0.4445}",0.44081000784912594,0.5022662189197413,0.4625434751150217,0.5187206096208513,0.616761709659663,0.5082204042328806,0.060922023955111135,21
0.011402511596679687,0.0029363538530366956,0.00771784782409668,0.004671467265590081,0.0001,0.5556,"{'EL__alpha': 0.0001, 'EL__l1_ratio': 0.5556}",0.44081405603332613,0.5022154679726634,0.4625396170578848,0.5187291756047,0.6167559952051136,0.5082108623747376,0.060920961388044204,23
0.008400392532348634,0.0013561780465778538,0.005404186248779297,0.0004872271915893576,0.0001,0.6667000000000001,"{'EL__alpha': 0.0001, 'EL__l1_ratio': 0.6667000000000001}",0.44081810715363023,0.5021646601724856,0.46253575473214026,0.5187377405606256,0.6167502729018568,0.5082013071041477,0.06091990449914465,24
0.00919952392578125,0.0009803679503847126,0.007307291030883789,0.005359101430762121,0.0001,0.7778,"{'EL__alpha': 0.0001, 'EL__l1_ratio': 0.7778}",0.44082216121351303,0.5021137954302095,0.4625318881327134,0.518746304487124,0.6167445427423255,0.508191738401177,0.06091885331050109,26
0.011403369903564452,0.0043242832001774015,0.005718755722045899,0.0003930023878232092,0.0001,0.8889,"{'EL__alpha': 0.0001, 'EL__l1_ratio': 0.8889}",0.44082621821556,0.5020628736566581,0.4625280172569294,0.5187548673826896,0.6167388047189424,0.5081821562461559,0.06091780784411063,28
0.008510255813598632,0.0004440548845584672,0.004599952697753906,0.0004896102686812047,0.0001,1.0,"{'EL__alpha': 0.0001, 'EL__l1_ratio': 1.0}",0.44083027816235865,0.5020118947621962,0.4625241420997027,0.5187634292458152,0.6167330588241208,0.5081725606188388,0.0609167681224089,29
0.008321285247802734,0.00040777325590981856,0.004999923706054688,3.3460244737336796e-06,0.5264105263157894,0.0001,"{'EL__alpha': 0.5264105263157894, 'EL__l1_ratio': 0.0001}",0.3738202533740427,0.4813830633525197,0.3905748817113933,0.28459754467396525,0.4104982195125124,0.3881747925248867,0.06344474231621836,50
0.009800291061401368,0.0007488639685896338,0.005402612686157227,0.0004860889637996557,0.5264105263157894,0.11120000000000001,"{'EL__alpha': 0.5264105263157894, 'EL__l1_ratio': 0.11120000000000001}",0.3814985842352999,0.49091896320118433,0.39833006623344924,0.2990829282084896,0.42998200329103275,0.39996250903389113,0.0627606848371095,46
0.009000205993652343,0.000631659140842399,0.005910158157348633,0.0006589906950567371,0.5264105263157894,0.2223,"{'EL__alpha': 0.5264105263157894, 'EL__l1_ratio': 0.2223}",0.38943296092534163,0.5010885303878903,0.4063781825352002,0.3150811554722671,0.4508206862202154,0.4125603031081829,0.06225171601845658,44
0.009001827239990235,3.956886565346669e-06,0.006504869461059571,0.0007741907542169214,0.5264105263157894,0.33340000000000003,"{'EL__alpha': 0.5264105263157894, 'EL__l1_ratio': 0.33340000000000003}",0.3975757172459833,0.5119181115932765,0.41475032015238955,0.33290592803437336,0.47314811948132396,0.42605963930146934,0.0619771742951287,40
0.009803152084350586,0.0007469581042948401,0.006007766723632813,1.78407206498494e-05,0.5264105263157894,0.4445,"{'EL__alpha': 0.5264105263157894, 'EL__l1_ratio': 0.4445}",0.4058330142625468,0.5233888584399797,0.4234892719346701,0.352981806152615,0.49709861744847506,0.4405583136476574,0.062007335649737684,38
0.009399318695068359,0.0007992891119815183,0.005709314346313476,0.0003977761340613133,0.5264105263157894,0.5556,"{'EL__alpha': 0.5264105263157894, 'EL__l1_ratio': 0.5556}",0.41402629190100915,0.5353641794938944,0.4326479559390657,0.3759019635835068,0.5227770035367297,0.45614347889084117,0.06241881740037036,35
0.010202312469482422,0.0007507927509816538,0.005199623107910156,0.000401522183697364,0.5264105263157894,0.6667000000000001,"{'EL__alpha': 0.5264105263157894, 'EL__l1_ratio': 0.6667000000000001}",0.4218191171872345,0.5473906694710194,0.44226562222582155,0.4025249736300911,0.5501666272111332,0.47283340194505996,0.06327611772134605,33
0.009516191482543946,0.0004496029368729036,0.005601167678833008,0.0004912474667753655,0.5264105263157894,0.7778,"{'EL__alpha': 0.5264105263157894, 'EL__l1_ratio': 0.7778}",0.42859580433976663,0.5580501323380381,0.4522450852249311,0.43413538346092184,0.5788191791730607,0.49036911690734375,0.06455346633474536,31
0.009305047988891601,0.0007518068505539464,0.005401039123535156,0.0004919084248950038,0.5264105263157894,0.8889,"{'EL__alpha': 0.5264105263157894, 'EL__l1_ratio': 0.8889}",0.43350355559263865,0.5619418896903878,0.4617157295291203,0.4726298001795367,0.6065137087313985,0.5072609367446164,0.06565813301733096,30
0.011600923538208009,0.002875412483462712,0.006703233718872071,0.002181253439669566,0.5264105263157894,1.0,"{'EL__alpha': 0.5264105263157894, 'EL__l1_ratio': 1.0}",0.4407567260344377,0.502143145074145,0.4625623719929457,0.5187127143111779,0.616756865064942,0.5081863644955297,0.06093140892869386,27
0.008999919891357422,1.8748858691537379e-06,0.005712175369262695,0.00039968485480644755,1.052721052631579,0.0001,"{'EL__alpha': 1.052721052631579, 'EL__l1_ratio': 0.0001}",0.3169291812628021,0.4170878438376868,0.33151697453439644,0.19535566305894392,0.2794089023514448,0.3080597130090548,0.07216524887208955,74
0.01039872169494629,0.000491479221055131,0.005506706237792969,0.0007762792566491034,1.052721052631579,0.11120000000000001,"{'EL__alpha': 1.052721052631579, 'EL__l1_ratio': 0.11120000000000001}",0.3278029000654221,0.42871815598548046,0.34314453663928624,0.21067448920775977,0.30310523419796676,0.32268906321918306,0.07016770964349266,69
0.009602594375610351,0.0007976179791296009,0.006104898452758789,0.0006670362400138244,1.052721052631579,0.2223,"{'EL__alpha': 1.052721052631579, 'EL__l1_ratio': 0.2223}",0.3396140146363136,0.4416487575048267,0.35557315380404153,0.22807106388596643,0.32946855189436797,0.33887510834510326,0.06812901472797786,63
0.009800052642822266,0.0007479083221872653,0.005600833892822265,0.0004900006015384821,1.052721052631579,0.33340000000000003,"{'EL__alpha': 1.052721052631579, 'EL__l1_ratio': 0.33340000000000003}",0.3524535806251955,0.4561170002250652,0.3688623368974705,0.24805620562408726,0.3589742097709926,0.35689266662856217,0.06611831052650118,57
0.009601926803588868,0.0004938772263442929,0.005904626846313476,0.0004926516062697389,1.052721052631579,0.4445,"{'EL__alpha': 1.052721052631579, 'EL__l1_ratio': 0.4445}",0.3663988645515217,0.472416307121891,0.38308039322473353,0.2713539821220866,0.3922178028030443,0.3770934699646554,0.06425923412519739,53
0.010604095458984376,0.0012016259621003837,0.006907987594604492,0.0033391039587937397,1.052721052631579,0.5556,"{'EL__alpha': 1.052721052631579, 'EL__l1_ratio': 0.5556}",0.38147524819495426,0.49089504649803106,0.3983206486680998,0.299045817617835,0.42995200680807066,0.39993775355739813,0.06276423568784661,47
0.010109663009643555,0.000481456365241437,0.005399465560913086,0.0004907610024452917,1.052721052631579,0.6667000000000001,"{'EL__alpha': 1.052721052631579, 'EL__l1_ratio': 0.6667000000000001}",0.3975494247329572,0.5118923542193288,0.41474230672162415,0.332863296732403,0.4731160570392515,0.42603268788911286,0.06198069116798593,41
0.009601163864135741,0.0004925511208614451,0.0059111595153808595,0.00018439363810440166,1.052721052631579,0.7778,"{'EL__alpha': 1.052721052631579, 'EL__l1_ratio': 0.7778}",0.4139959789587663,0.5353375022231672,0.4326430781825521,0.3758522719182469,0.522744012012586,0.45611456865906375,0.06242223748912644,36
0.010115528106689453,0.00047182918980216655,0.005806398391723633,0.0011605463281705143,1.052721052631579,0.8889,"{'EL__alpha': 1.052721052631579, 'EL__l1_ratio': 0.8889}",0.4285584291211585,0.5580282976335871,0.4522471692601845,0.43407722130607895,0.5787900029774922,0.49034022405970024,0.0645579355050812,32
0.00940098762512207,0.0004910304951551114,0.0051993846893310545,0.00039997294111244157,1.052721052631579,1.0,"{'EL__alpha': 1.052721052631579, 'EL__l1_ratio': 1.0}",0.4406831401122542,0.5022741999175119,0.46260057931384646,0.5186619388837626,0.6167805974995144,0.5082000911453779,0.0609461187626407,25
0.012914085388183593,0.0048380823411331856,0.008399438858032227,0.004840315075856699,1.5790315789473683,0.0001,"{'EL__alpha': 1.5790315789473683, 'EL__l1_ratio': 0.0001}",0.2773173065168696,0.37645897363356684,0.28764543126969777,0.14389159667099383,0.19694504328728923,0.25645167027568344,0.08002622968172532,93
0.009317302703857422,0.0004108676608510282,0.005200910568237305,0.0004032623264611878,1.5790315789473683,0.11120000000000001,"{'EL__alpha': 1.5790315789473683, 'EL__l1_ratio': 0.11120000000000001}",0.28904307986741173,0.38824059343928874,0.3008772841660464,0.15851684190919968,0.22079251186641435,0.2714940622496722,0.07763452044222138,86
0.009508895874023437,0.0006292480595600079,0.005200958251953125,0.00040777461087144334,1.5790315789473683,0.2223,"{'EL__alpha': 1.5790315789473683, 'EL__l1_ratio': 0.2223}",0.30216106419478184,0.40165171567175784,0.3154405187959065,0.17545106339099847,0.24801470526534397,0.28854381346375774,0.07501311691626852,83
0.009998178482055664,0.0008968167584994528,0.005524444580078125,0.0004517543106996963,1.5790315789473683,0.33340000000000003,"{'EL__alpha': 1.5790315789473683, 'EL__l1_ratio': 0.33340000000000003}",0.3169087077005579,0.41706562174591244,0.33150144924001557,0.19532566486749603,0.2793761710598598,0.3080355229227683,0.07216899071963453,75
0.009598922729492188,0.000489944098311869,0.00585479736328125,0.0004407877222583504,1.5790315789473683,0.4445,"{'EL__alpha': 1.5790315789473683, 'EL__l1_ratio': 0.4445}",0.3335633795304833,0.4349832681785526,0.34923946968808184,0.21905174021456186,0.31589126100110265,0.3305458237225564,0.06915406671032778,66
0.010000181198120118,0.0006300003211639394,0.005503511428833008,0.00044693513648569994,1.5790315789473683,0.5556,"{'EL__alpha': 1.5790315789473683, 'EL__l1_ratio': 0.5556}",0.35242952290049157,0.45609094568924813,0.36884701284656085,0.24801883687992965,0.3589368419805504,0.3568646320593561,0.06612232624667325,58
0.010602855682373047,0.0004852519371281753,0.006799888610839844,0.0031233795435131845,1.5790315789473683,0.6667000000000001,"{'EL__alpha': 1.5790315789473683, 'EL__l1_ratio': 0.6667000000000001}",0.3737717714028269,0.4813319647743064,0.3905508826077798,0.2845200645464545,0.4104297640160528,0.3881208894694841,0.06345222363903578,51
0.009905624389648437,0.0006613373041930783,0.00520029067993164,0.00040083189620158846,1.5790315789473683,0.7778,"{'EL__alpha': 1.5790315789473683, 'EL__l1_ratio': 0.7778}",0.39752000330935366,0.5118623491187788,0.4147310393068905,0.33281348914846565,0.47307520262875247,0.42600041670244826,0.061984261210649524,42
0.008200836181640626,0.0007477704214453137,0.00491037368774414,0.0008021218358007339,1.5790315789473683,0.8889,"{'EL__alpha': 1.5790315789473683, 'EL__l1_ratio': 0.8889}",0.4217513676651845,0.5473368583588432,0.4422594509123954,0.4024117666665802,0.550096876269714,0.4727712639745435,0.06328307451427032,34
0.010305833816528321,0.000756453427772365,0.005400848388671875,0.0004896334136944186,1.5790315789473683,1.0,"{'EL__alpha': 1.5790315789473683, 'EL__l1_ratio': 1.0}",0.44060949343467093,0.5024050691268749,0.46263870901248094,0.5186111012304475,0.6168042567538703,0.5082137259116689,0.060960911590820926,22
0.009709978103637695,0.00039060253701778396,0.005600357055664062,0.0004893378935754815,2.105342105263158,0.0001,"{'EL__alpha': 2.105342105263158, 'EL__l1_ratio': 0.0001}",0.24864666171900573,0.3483331029700265,0.2544950106163286,0.1098367606996763,0.14035894843206298,0.22033409688742003,0.08597441548195076,109
0.00859990119934082,0.0004899014752722479,0.005199718475341797,0.00040028380327017865,2.105342105263158,0.11120000000000001,"{'EL__alpha': 2.105342105263158, 'EL__l1_ratio': 0.11120000000000001}",0.26032581422712375,0.35968363931839775,0.2681330807313529,0.12344067955420945,0.16313442838227787,0.23494352844267236,0.0835408094715176,102
0.009510374069213868,0.001192869987882652,0.005400371551513672,0.0004897353798984757,2.105342105263158,0.2223,"{'EL__alpha': 2.105342105263158, 'EL__l1_ratio': 0.2223}",0.2736647269686101,0.37282352983785705,0.28348822431364584,0.13942250782489085,0.1896104822164416,0.25180189423228905,0.08077764724446503,95
0.00911250114440918,0.0007994097892169056,0.005398607254028321,0.0004891329607013984,2.105342105263158,0.33340000000000003,"{'EL__alpha': 2.105342105263158, 'EL__l1_ratio': 0.33340000000000003}",0.28902371139479477,0.38821976188370877,0.3008607761001778,0.1584897717977396,0.2207605179387253,0.27147090782302924,0.07763818768472393,87
0.009196186065673828,0.0004019181913432395,0.00511012077331543,0.0004816465218727511,2.105342105263158,0.4445,"{'EL__alpha': 2.105342105263158, 'EL__l1_ratio': 0.4445}",0.3068619596429225,0.40652277227484157,0.32060214801041287,0.1816811886407773,0.25792997332082757,0.2947196083779564,0.074092444410664,80
0.011910200119018555,0.003969961860120422,0.007801532745361328,0.00511260166273508,2.105342105263158,0.5556,"{'EL__alpha': 2.105342105263158, 'EL__l1_ratio': 0.5556}",0.3277583729116156,0.42866980254426545,0.34311174226602315,0.21060822608234464,0.3030336260413926,0.32263635396912826,0.07017568980881977,70
0.008003044128417968,7.221210336650695e-06,0.004998779296875,7.478898592642843e-07,2.105342105263158,0.6667000000000001,"{'EL__alpha': 2.105342105263158, 'EL__l1_ratio': 0.6667000000000001}",0.3524041912116044,0.45606343132680216,0.36883037985888445,0.24797942261014183,0.35889649976705484,0.3568347849548975,0.06612652916643046,59
0.008000373840332031,0.000633616561545285,0.005117988586425782,0.00023503929918470474,2.105342105263158,0.7778,"{'EL__alpha': 2.105342105263158, 'EL__l1_ratio': 0.7778}",0.38141965894904295,0.4908359727389,0.39829270253335824,0.29895425813919796,0.42986903779965335,0.3998743260320305,0.06277203243352489,48
0.015205287933349609,0.006244489888002862,0.008461332321166993,0.004191391117058852,2.105342105263158,0.8889,"{'EL__alpha': 2.105342105263158, 'EL__l1_ratio': 0.8889}",0.41393073285050885,0.5352772038883318,0.4326279461136818,0.37573883655066587,0.5226628575940606,0.45604751539944977,0.0624287287232299,37
0.0089996337890625,0.0008940450461493126,0.005309200286865235,0.00040393622921383707,2.105342105263158,1.0,"{'EL__alpha': 2.105342105263158, 'EL__l1_ratio': 1.0}",0.44053580207074194,0.5025357477759008,0.46267678512520616,0.5185602013512329,0.6168278431800381,0.508227275900624,0.060975780262848535,20
0.010561132431030273,0.003743556083696134,0.006805038452148438,0.004619514322716934,2.6316526315789477,0.0001,"{'EL__alpha': 2.6316526315789477, 'EL__l1_ratio': 0.0001}",0.22704882359712897,0.32766934123230096,0.22883291006054407,0.08551745868804483,0.09916282704718238,0.19364627212504024,0.09048201442944613,123
0.010000944137573242,0.002529808881480852,0.004910898208618164,0.00018632794978475428,2.6316526315789477,0.11120000000000001,"{'EL__alpha': 2.6316526315789477, 'EL__l1_ratio': 0.11120000000000001}",0.23832853771596452,0.33841089134684965,0.24230685900074933,0.09808879978238261,0.12053691923417331,0.20753440141602386,0.08812827001193828,116
0.008403301239013672,0.0004938896197534605,0.004918146133422852,0.0005146167778287383,2.6316526315789477,0.2223,"{'EL__alpha': 2.6316526315789477, 'EL__l1_ratio': 0.2223}",0.2514109635406989,0.35100602845479956,0.2577426455141094,0.11302309645996833,0.14572123460562036,0.22378079371503928,0.08539748975983628,107
0.00839982032775879,0.000800562153422593,0.00500178337097168,3.086576906715824e-06,2.6316526315789477,0.33340000000000003,"{'EL__alpha': 2.6316526315789477, 'EL__l1_ratio': 0.33340000000000003}",0.2667493851491478,0.3659850531500789,0.27556212708568273,0.13107181701671755,0.17582612474029236,0.24303890142838386,0.08220692040257283,98
0.008715629577636719,0.0006158384111846662,0.005397653579711914,0.0004870837445175431,2.6316526315789477,0.4445,"{'EL__alpha': 2.6316526315789477, 'EL__l1_ratio': 0.4445}",0.28495175972544584,0.38410648243566703,0.29629309496006384,0.1533570280973071,0.21243640985758294,0.2662289550152133,0.07846428129830509,91
0.007923030853271484,0.00016541573801052598,0.004998445510864258,1.1182822608526778e-06,2.6316526315789477,0.5556,"{'EL__alpha': 2.6316526315789477, 'EL__l1_ratio': 0.5556}",0.30684032134477446,0.4064994058992042,0.3205844903561891,0.18165017202365008,0.2578941267115299,0.29469370326706956,0.0740964737602729,81
0.008202457427978515,0.0003976570208335403,0.00500020980834961,1.794327518675497e-06,2.6316526315789477,0.6667000000000001,"{'EL__alpha': 2.6316526315789477, 'EL__l1_ratio': 0.6667000000000001}",0.33351576220730217,0.43493152401227697,0.349204644106595,0.21898024605448863,0.3158137548445695,0.3304891862450464,0.06916247894996026,67
0.009508609771728516,0.0006451043543511297,0.005399227142333984,0.0004912466336454451,2.6316526315789477,0.7778,"{'EL__alpha': 2.6316526315789477, 'EL__l1_ratio': 0.7778}",0.3663194233059768,0.47233051222685507,0.38303351666597574,0.27122693925774755,0.3920943920647483,0.37700095670426065,0.06427155770529018,54
0.008399629592895507,0.0004882171149154835,0.004716110229492187,0.00039554038629276264,2.6316526315789477,0.8889,"{'EL__alpha': 2.6316526315789477, 'EL__l1_ratio': 0.8889}",0.4057111045927281,0.5232695991874727,0.4234520952914872,0.3527736014831314,0.4969391707717047,0.44042911426530484,0.062020933108853975,39
0.008511066436767578,0.0004505912584642926,0.005000162124633789,1.7481138973067629e-06,2.6316526315789477,1.0,"{'EL__alpha': 2.6316526315789477, 'EL__l1_ratio': 1.0}",0.4404622188435482,0.5026662358645897,0.46271480765202255,0.5185092392461191,0.6168513452653674,0.5082407693743294,0.060990686494802805,17
0.009397602081298828,0.0011987939424502351,0.005202627182006836,0.0007491341003999233,3.157963157894737,0.0001,"{'EL__alpha': 3.157963157894737, 'EL__l1_ratio': 0.0001}",0.21023359348901816,0.3118344280804378,0.2084831200495546,0.06724720733071698,0.06784885328910639,0.1731294404477668,0.09397949111460378,134
0.008712482452392579,0.0007444787619136858,0.005201864242553711,0.0003995858228688247,3.157963157894737,0.11120000000000001,"{'EL__alpha': 3.157963157894737, 'EL__l1_ratio': 0.11120000000000001}",0.2209862428967979,0.32193576096050835,0.22153373743905436,0.0788660520841783,0.0878012509352406,0.1862246088631559,0.09174490684996132,126
0.007909488677978516,0.00065977756346082,0.005000782012939453,0.0006326369747417582,3.157963157894737,0.2223,"{'EL__alpha': 3.157963157894737, 'EL__l1_ratio': 0.2223}",0.23360644997796487,0.33390003240272037,0.23668764405845444,0.09279049532780625,0.11155515130412785,0.20170795461421473,0.08911383617845506,119
0.012004661560058593,0.003352086184968512,0.007507991790771484,0.004534235359144093,3.157963157894737,0.33340000000000003,"{'EL__alpha': 3.157963157894737, 'EL__l1_ratio': 0.33340000000000003}",0.24861384124229358,0.34829840486720487,0.2544640076570497,0.109793469230138,0.14030403625960475,0.22029475185125819,0.08598080261716962,110
0.008705615997314453,0.00039443827343836857,0.004999876022338867,3.9895058943465975e-07,3.157963157894737,0.4445,"{'EL__alpha': 3.157963157894737, 'EL__l1_ratio': 0.4445}",0.26673112837449564,0.36596563306821206,0.27554546109113065,0.13104719042108048,0.17579554912383344,0.24301699241575045,0.0822104479417272,99
0.00860142707824707,0.0004904694021933783,0.004798698425292969,0.0004017596110114373,3.157963157894737,0.5556,"{'EL__alpha': 3.157963157894737, 'EL__l1_ratio': 0.5556}",0.28898340197510275,0.38817652042209017,0.3008260093113223,0.15843360327222156,0.22069330395778552,0.2714225677877044,0.07764585634475167,88
0.010906219482421875,0.003954022201706359,0.007600021362304687,0.004223795429596081,3.157963157894737,0.6667000000000001,"{'EL__alpha': 3.157963157894737, 'EL__l1_ratio': 0.6667000000000001}",0.316841358626359,0.41699264610068165,0.3314484493559873,0.19522753391545655,0.2792651371850996,0.3079550250367168,0.07218131009843567,76
0.008310365676879882,0.0004004430191428739,0.0050008296966552734,9.655216565759937e-07,3.157963157894737,0.7778,"{'EL__alpha': 3.157963157894737, 'EL__l1_ratio': 0.7778}",0.35235224872107396,0.45600693576307627,0.3687957973516235,0.24789854271842282,0.3588128320411018,0.35677327131905967,0.06613512390221174,60
0.008920526504516602,0.00016396908053026518,0.00419926643371582,0.0004004249795616183,3.157963157894737,0.8889,"{'EL__alpha': 3.157963157894737, 'EL__l1_ratio': 0.8889}",0.3974285845291218,0.5117680463423078,0.41469394707056406,0.332657196620219,0.4729438017534394,0.4258983152631304,0.061994932301218164,43
0.010511398315429688,0.0010840155488549173,0.005999135971069336,0.0006367111851703194,3.157963157894737,1.0,"{'EL__alpha': 3.157963157894737, 'EL__l1_ratio': 1.0}",0.44038843798623606,0.5027965333929406,0.46275277659292957,0.5184582149151058,0.6168747860110564,0.5082541497796538,0.06100570618611433,15
0.009198188781738281,0.0009798161732691257,0.005602264404296875,0.00079725134574808,3.684273684210526,0.0001,"{'EL__alpha': 3.684273684210526, 'EL__l1_ratio': 0.0001}",0.1967873106006448,0.2993090078148458,0.19199572165281698,0.0530067140804551,0.04325115705280003,0.15686998224031254,0.09676042847069381,145
0.008799505233764649,0.0003998088178108423,0.00471954345703125,0.0006274775047240979,3.684273684210526,0.11120000000000001,"{'EL__alpha': 3.684273684210526, 'EL__l1_ratio': 0.11120000000000001}",0.20698260351796383,0.30879450677522247,0.20451586013756906,0.06377359493077328,0.06186833173741413,0.16918697941978855,0.09465323499790436,138
0.00964961051940918,0.0018395768566344573,0.0058021068572998045,0.00040068205062083627,3.684273684210526,0.2223,"{'EL__alpha': 3.684273684210526, 'EL__l1_ratio': 0.2223}",0.2190622347519363,0.32012089018630063,0.21921070750945637,0.07676850571749216,0.08421479259425257,0.18387542615188762,0.09214516196098053,130
0.008998823165893555,2.207915669019742e-06,0.005094575881958008,0.00018200496427806843,3.684273684210526,0.33340000000000003,"{'EL__alpha': 3.684273684210526, 'EL__l1_ratio': 0.33340000000000003}",0.2335911206177249,0.3338839461946129,0.23667270335967427,0.09277069362969315,0.11152944211533355,0.20168958118340777,0.0891168356023797,120
0.00940251350402832,0.0004872930014302977,0.004999685287475586,0.0006336215028986088,3.684273684210526,0.4445,"{'EL__alpha': 3.684273684210526, 'EL__l1_ratio': 0.4445}",0.25137712990763905,0.350970264551971,0.25771073632572217,0.1129783965094826,0.14566450019826838,0.22374020549861662,0.08540407317087123,108
0.009516191482543946,0.0009146605724817693,0.006001758575439453,2.6779405750463434e-06,3.684273684210526,0.5556,"{'EL__alpha': 3.684273684210526, 'EL__l1_ratio': 0.5556}",0.27360817424889083,0.37276320578125843,0.28343742874083167,0.1393454764376797,0.18951584562903845,0.2517340261675398,0.0807885319917148,96
0.00967707633972168,0.0005699038863379047,0.00560145378112793,0.0004896309757178945,3.684273684210526,0.6667000000000001,"{'EL__alpha': 3.684273684210526, 'EL__l1_ratio': 0.6667000000000001}",0.30207606773849716,0.4015601004184294,0.31537006849173743,0.17533020291744228,0.2478736095608579,0.2884420098253928,0.07502904272364856,84
0.00951976776123047,0.0006046417457715685,0.0057999610900878905,0.0007471081399174333,3.684273684210526,0.7778,"{'EL__alpha': 3.684273684210526, 'EL__l1_ratio': 0.7778}",0.3394925350355137,0.4415166844952507,0.3554870099159162,0.2278866279407672,0.32927198012944026,0.33873096750337756,0.06815011168762941,64
0.01250286102294922,0.002794675562623964,0.008002233505249024,0.003038464641880368,3.684273684210526,0.8889,"{'EL__alpha': 3.684273684210526, 'EL__l1_ratio': 0.8889}",0.38926161577144414,0.5009092851498362,0.40630139857718695,0.31479497718036487,0.45057258715392856,0.4123679727665522,0.06227415689141845,45
0.009403562545776368,0.0004891393523532843,0.006301259994506836,0.00040162600323604325,3.684273684210526,1.0,"{'EL__alpha': 3.684273684210526, 'EL__l1_ratio': 1.0}",0.4403146124425803,0.5029266403609547,0.4627906919479282,0.5184071283581937,0.6168981023797968,0.5082674350978907,0.061020782715889565,13
0.013463068008422851,0.007434448565393662,0.0072003364562988285,0.0024826475770920726,4.210584210526315,0.0001,"{'EL__alpha': 4.210584210526315, 'EL__l1_ratio': 0.0001}",0.1857975325503055,0.2891523148884406,0.1783878696053819,0.041590211707022595,0.023422870486041858,0.1436701598474385,0.09902001691392574,154
0.009401893615722657,0.0004895144541477744,0.005305290222167969,0.0005949726350265338,4.210584210526315,0.11120000000000001,"{'EL__alpha': 4.210584210526315, 'EL__l1_ratio': 0.11120000000000001}",0.19544772592079662,0.29806612600637883,0.19034535335612457,0.05160274469859494,0.04082267267752526,0.15525692453188406,0.09703643993242776,147
0.010006427764892578,0.0006323673194651642,0.0049954414367675785,0.0006325654704237489,4.210584210526315,0.2223,"{'EL__alpha': 4.210584210526315, 'EL__l1_ratio': 0.2223}",0.20696972666555669,0.3087811248522325,0.2045027660157409,0.06375747696522982,0.061846752904944347,0.16917156948074086,0.09465576500148898,139
0.009601688385009766,0.0004923023393573119,0.005599021911621094,0.0004895100740046875,4.210584210526315,0.33340000000000003,"{'EL__alpha': 4.210584210526315, 'EL__l1_ratio': 0.33340000000000003}",0.22095790425779793,0.3219061489569045,0.22150551549529707,0.07883000689156927,0.08775370917880154,0.18619065695607406,0.0917504630588757,127
0.009311151504516602,0.0004101043072944557,0.005399179458618164,0.0004900219416911263,4.210584210526315,0.4445,"{'EL__alpha': 4.210584210526315, 'EL__l1_ratio': 0.4445}",0.23828127897977547,0.3383612039149181,0.24226117657403157,0.09802739752087031,0.12045765445883116,0.20747774228968532,0.08813750547449932,117
0.008904504776000976,0.00019579710622127686,0.005202627182006836,0.0003996913684567365,4.210584210526315,0.5556,"{'EL__alpha': 4.210584210526315, 'EL__l1_ratio': 0.5556}",0.2602550239272752,0.35960853624131073,0.2680675319944449,0.12334603389092313,0.16301578319566645,0.2348585818499241,0.08355453408562248,103
0.012999486923217774,0.007013287128541357,0.005502033233642578,0.0007755103305112662,4.210584210526315,0.6667000000000001,"{'EL__alpha': 4.210584210526315, 'EL__l1_ratio': 0.6667000000000001}",0.28894230356132766,0.38813246445446714,0.3007903460030479,0.1583764362012916,0.22062443026331058,0.27137319609668903,0.07765368500416453,89
0.009123897552490235,0.00046756621508683126,0.005198764801025391,0.0003990935705013887,4.210584210526315,0.7778,"{'EL__alpha': 4.210584210526315, 'EL__l1_ratio': 0.7778}",0.3276628989515096,0.42856608739117563,0.34303927052183913,0.2104665532969574,0.30287614500170446,0.3225221910326372,0.07019276096090431,71
0.009000253677368165,0.0006328631086722601,0.005402088165283203,0.0004926386509420617,4.210584210526315,0.8889,"{'EL__alpha': 4.210584210526315, 'EL__l1_ratio': 0.8889}",0.3813039827878869,0.4907122480070757,0.3982322425781458,0.2987624191358411,0.4296915396838925,0.3997404864385684,0.06278801881884759,49
0.012106657028198242,0.0023339525978625943,0.008403539657592773,0.004324617772712343,4.210584210526315,1.0,"{'EL__alpha': 4.210584210526315, 'EL__l1_ratio': 1.0}",0.440240742212581,0.5030565567686314,0.4628285537170175,0.5183576323554752,0.6169213974555297,0.5082809765018469,0.061036007141495964,12
0.009503412246704101,0.0006374339690655343,0.005600357055664062,0.0004913648915607975,4.736894736842105,0.0001,"{'EL__alpha': 4.736894736842105, 'EL__l1_ratio': 0.0001}",0.17665147349888732,0.28074989155579155,0.16697689674926985,0.03223115775331176,0.007101929132376061,0.1327422697379273,0.10089029963041049,164
0.00911107063293457,0.0004805083476892792,0.008001089096069336,0.005019131092428899,4.736894736842105,0.11120000000000001,"{'EL__alpha': 4.736894736842105, 'EL__l1_ratio': 0.11120000000000001}",0.18578664332424677,0.28914110001318705,0.17837649280532553,0.04157688429458095,0.023404670558415774,0.1436571581991512,0.09902216533924939,155
0.011803102493286134,0.003607058705919281,0.005504512786865234,0.0006380511955007753,4.736894736842105,0.2223,"{'EL__alpha': 4.736894736842105, 'EL__l1_ratio': 0.2223}",0.19676344982754845,0.29928433044338065,0.1919711380015563,0.05297716977672173,0.043211223432226054,0.15684146229628665,0.09676513042875234,146
0.010408353805541993,0.0004952805991732105,0.005198335647583008,0.0003993073937689399,4.736894736842105,0.33340000000000003,"{'EL__alpha': 4.736894736842105, 'EL__l1_ratio': 0.33340000000000003}",0.21019403719164587,0.31179330122366067,0.2084431115558134,0.06719750137116398,0.06778254273152406,0.1730820988147616,0.0939872750461515,135
0.010002517700195312,0.0008901185098147807,0.006907796859741211,0.002346491365863221,4.736894736842105,0.4445,"{'EL__alpha': 4.736894736842105, 'EL__l1_ratio': 0.4445}",0.22698992061962486,0.3276076605294024,0.22877483181437752,0.08544198933910108,0.09906400610366206,0.19357568168123357,0.09049355239784387,124
0.009711837768554688,0.00039935078122708197,0.004799604415893555,0.00039971421943671686,4.736894736842105,0.5556,"{'EL__alpha': 4.736894736842105, 'EL__l1_ratio': 0.5556}",0.24856330546382943,0.34824509310632146,0.2544159656192809,0.10972702995594807,0.14021915119085493,0.22023410906724697,0.08599065383882579,111
0.008999967575073242,0.0006328644056638465,0.005002546310424805,6.918905522394281e-06,4.736894736842105,0.6667000000000001,"{'EL__alpha': 4.736894736842105, 'EL__l1_ratio': 0.6667000000000001}",0.2772023325946288,0.3763361624856454,0.2875430889653845,0.1437341744828745,0.19675278253452444,0.2563137082126115,0.08004830249659613,94
0.009001398086547851,0.0010969766515756783,0.0067174434661865234,0.0026663659958230724,4.736894736842105,0.7778,"{'EL__alpha': 4.736894736842105, 'EL__l1_ratio': 0.7778}",0.31677198217580316,0.4169175534689685,0.3313932912633333,0.19512655779016685,0.279149804314886,0.30787183780263155,0.07219403413123707,77
0.009400224685668946,0.0004902936399848863,0.005311298370361328,0.0004105447585748934,4.736894736842105,0.8889,"{'EL__alpha': 4.736894736842105, 'EL__l1_ratio': 0.8889}",0.373603318188803,0.4811502770870333,0.3904556160593827,0.28424552965993777,0.41016697739342245,0.3879243436777159,0.06347693282083954,52
0.009711122512817383,0.00039987925153248956,0.004797220230102539,0.00039995067341911354,4.736894736842105,1.0,"{'EL__alpha': 4.736894736842105, 'EL__l1_ratio': 1.0}",0.4401668272962387,0.5031862826159706,0.46286636190019803,0.5183064215189384,0.6169446197031493,0.508294102606899,0.06105125139963709,11
0.010907220840454101,0.0021630964541455413,0.007805347442626953,0.004125165029597245,5.263205263157895,0.0001,"{'EL__alpha': 5.263205263157895, 'EL__l1_ratio': 0.0001}",0.1689233013554713,0.273683126292271,0.1572766863825572,0.024418189051310768,-0.006565229260723671,0.12354721476417732,0.10246293988489928,169
0.008797788619995117,0.00040026247881219993,0.004717874526977539,0.00039677256903530834,5.263205263157895,0.11120000000000001,"{'EL__alpha': 5.263205263157895, 'EL__l1_ratio': 0.11120000000000001}",0.1775798758580982,0.2815995960605546,0.16814086306617992,0.033173317923570256,0.008752557091706081,0.13384924200002182,0.10070081727740327,162
0.008800506591796875,0.0003973324985495502,0.004798507690429688,0.00039988061618416335,5.263205263157895,0.2223,"{'EL__alpha': 5.263205263157895, 'EL__l1_ratio': 0.2223}",0.18803758208813137,0.2912143609036494,0.1811758163410595,0.04389699146981774,0.027448074823465562,0.1463545651252247,0.09856029799830013,152
0.012110280990600585,0.0038932042729602147,0.0076023578643798825,0.004271715832030215,5.263205263157895,0.33340000000000003,"{'EL__alpha': 5.263205263157895, 'EL__l1_ratio': 0.33340000000000003}",0.20091783541287045,0.30314028742750065,0.19708828701430015,0.05734053093881997,0.05077309747693315,0.16185200765408486,0.09590754436884551,142
0.008520555496215821,0.00045373984436262863,0.005001640319824219,0.000633541729601818,5.263205263157895,0.4445,"{'EL__alpha': 5.263205263157895, 'EL__l1_ratio': 0.4445}",0.2171601604386676,0.318326499584927,0.21691594515929336,0.07469678385323564,0.08068224864313756,0.1815563275358522,0.0925403234343729,131
0.009511995315551757,0.0010978771817366341,0.004999208450317383,0.0008962835545797554,5.263205263157895,0.5556,"{'EL__alpha': 5.263205263157895, 'EL__l1_ratio': 0.5556}",0.2382493655709108,0.33832763516407627,0.24223017051507723,0.09798603608382139,0.12040392789913146,0.20743942704660343,0.08814373950799324,118
0.011115026473999024,0.00346724095231882,0.007599163055419922,0.0042258369922770775,5.263205263157895,0.6667000000000001,"{'EL__alpha': 5.263205263157895, 'EL__l1_ratio': 0.6667000000000001}",0.266656826610151,0.3658866964227411,0.2754773270303389,0.13094715995749906,0.17567072120862148,0.24292774624587032,0.08222482230461285,100
0.008709859848022462,0.0006097515218870543,0.006203222274780274,0.00040183923152466237,5.263205263157895,0.7778,"{'EL__alpha': 5.263205263157895, 'EL__l1_ratio': 0.7778}",0.3067293634817758,0.4063797246057692,0.32049319238052454,0.1814913999449329,0.2577090502183176,0.29456054612626403,0.0741171714277339,82
0.010404634475708007,0.0010189068781567769,0.005800104141235352,0.00040155013426761474,5.263205263157895,0.8889,"{'EL__alpha': 5.263205263157895, 'EL__l1_ratio': 0.8889}",0.36618144282224474,0.47218085073245386,0.38294970929756156,0.2710055234611296,0.3918751146417033,0.3768385281910186,0.06429277143336566,55
0.009522533416748047,0.00045050437106984077,0.005798864364624024,0.000401527081982878,5.263205263157895,1.0,"{'EL__alpha': 5.263205263157895, 'EL__l1_ratio': 1.0}",0.4400928676935525,0.5033158179029729,0.46290411649746943,0.5182551484568076,0.616967769122656,0.5083071439346917,0.06106657019897848,10
0.010310888290405273,0.000981514441352456,0.005400753021240235,0.000490291112540873,5.7895157894736835,0.0001,"{'EL__alpha': 5.7895157894736835, 'EL__l1_ratio': 0.0001}",0.1623083222179198,0.2676568818168854,0.14893293156109755,0.017796798748311082,-0.018176349689061233,0.11570371693103051,0.1038032476601224,177
0.008719253540039062,0.0003940755603962877,0.0050008296966552734,0.0008947359527045122,5.7895157894736835,0.11120000000000001,"{'EL__alpha': 5.7895157894736835, 'EL__l1_ratio': 0.11120000000000001}",0.17052367687543324,0.2751428735191488,0.1592919429930857,0.026026901256100854,-0.00374297978807836,0.12544848297113803,0.10213779752265384,168
0.008911228179931641,0.0006542580040551865,0.004799842834472656,0.0003998298195719918,5.7895157894736835,0.2223,"{'EL__alpha': 5.7895157894736835, 'EL__l1_ratio': 0.2223}",0.18049393594927576,0.28427182981371124,0.1717851758025647,0.03614293129606705,0.01394202432345204,0.13732717943701417,0.10010554553059832,160
0.009000349044799804,0.0012650472678364512,0.007602548599243164,0.004721756577173903,5.7895157894736835,0.33340000000000003,"{'EL__alpha': 5.7895157894736835, 'EL__l1_ratio': 0.33340000000000003}",0.19284362136490052,0.29565178147231597,0.18713440035876117,0.04887959224983307,0.03611364284896168,0.15212460765895447,0.097572383846962,150
0.010917472839355468,0.0028705258438738103,0.004800081253051758,0.00040066365293173607,5.7895157894736835,0.4445,"{'EL__alpha': 5.7895157894736835, 'EL__l1_ratio': 0.4445}",0.20852925718421889,0.31023378536421276,0.20641677311092654,0.06541291202275346,0.06472036214102106,0.17106261796462655,0.094332194838391,137
0.008710050582885742,0.0008594170199297688,0.005001449584960937,5.110395323398146e-06,5.7895157894736835,0.5556,"{'EL__alpha': 5.7895157894736835, 'EL__l1_ratio': 0.5556}",0.22908828035977657,0.3295951171899323,0.23129940216735667,0.08775481104745264,0.10302355542626274,0.19615223323815617,0.09005560696556725,122
0.013707923889160156,0.004216165897897694,0.010001659393310547,0.005731664629633855,5.7895157894736835,0.6667000000000001,"{'EL__alpha': 5.7895157894736835, 'EL__l1_ratio': 0.6667000000000001}",0.2571396368896822,0.35656319518513735,0.26445833966056553,0.11967557975100396,0.1569189115933214,0.23095113261594208,0.08420211322508979,105
0.00970458984375,0.0006035944618645318,0.005402040481567383,0.0007992140909095021,5.7895157894736835,0.7778,"{'EL__alpha': 5.7895157894736835, 'EL__l1_ratio': 0.7778}",0.29745063524357385,0.3967973657913363,0.31028523921765794,0.16927657234823967,0.23824032199928358,0.28241002692001826,0.07594452189535766,85
0.008720874786376953,0.000626692838506351,0.005201864242553711,0.0003994591381824284,5.7895157894736835,0.8889,"{'EL__alpha': 5.7895157894736835, 'EL__l1_ratio': 0.8889}",0.35904543051622495,0.4637574445477207,0.37569840523807474,0.2588567424850762,0.37470449086673185,0.36641250273076575,0.06519745097012783,56
0.011709928512573242,0.004506603327619989,0.007400131225585938,0.004319759994396682,5.7895157894736835,1.0,"{'EL__alpha': 5.7895157894736835, 'EL__l1_ratio': 1.0}",0.440018863404523,0.5034451626296372,0.4629418175088319,0.5182038131690822,0.6169908457140492,0.5083201004852247,0.061081963322638475,9
0.008321046829223633,0.0004082585794605931,0.00500030517578125,1.5771708878079632e-06,6.315826315789473,0.0001,"{'EL__alpha': 6.315826315789473, 'EL__l1_ratio': 0.0001}",0.15658296908982972,0.26245705457125457,0.14168188907488444,0.012113347535925412,-0.028162404746875813,0.10893457110500367,0.10495888691819324,181
0.008400869369506837,0.0004918722496289084,0.004800176620483399,0.0003997694671058502,6.315826315789473,0.11120000000000001,"{'EL__alpha': 6.315826315789473, 'EL__l1_ratio': 0.11120000000000001}",0.16439295405706855,0.2695524922435748,0.1515686065209595,0.019874673568247236,-0.014524766677895151,0.11817279194239098,0.10338139060801116,174
0.009111976623535157,0.0010287448518037621,0.0053981304168701175,0.0004908759265271781,6.315826315789473,0.2223,"{'EL__alpha': 6.315826315789473, 'EL__l1_ratio': 0.2223}",0.1739088219986984,0.27823573948856584,0.16354544771818424,0.02944354173828656,0.00224151764998326,0.12947501371874365,0.10144907020883975,165
0.008912086486816406,0.0005049053920964581,0.004602241516113281,0.0004925583683131116,6.315826315789473,0.33340000000000003,"{'EL__alpha': 6.315826315789473, 'EL__l1_ratio': 0.33340000000000003}",0.18575375250501935,0.28910725155267025,0.1783420929038101,0.04153666223071095,0.02334972581907868,0.14361789700225785,0.0990286462390401,156
0.00879964828491211,0.00039975755136469196,0.004799699783325196,0.0003998765790761381,6.315826315789473,0.4445,"{'EL__alpha': 6.315826315789473, 'EL__l1_ratio': 0.4445}",0.2008929088356428,0.3031144974555988,0.19706269514620012,0.057309575235769294,0.050731352238744254,0.16182220578239107,0.09591245101526034,143
0.009405088424682618,0.0010164959877768866,0.005398321151733399,0.0004903321714583029,6.315826315789473,0.5556,"{'EL__alpha': 6.315826315789473, 'EL__l1_ratio': 0.5556}",0.22090043634951306,0.3218462396564816,0.2214481847952905,0.07875702074968605,0.0876571774831082,0.1861218118068159,0.09176176571967702,128
0.008721590042114258,0.0003952908429002166,0.0055999755859375,0.0004900778652795329,6.315826315789473,0.6667000000000001,"{'EL__alpha': 6.315826315789473, 'EL__l1_ratio': 0.6667000000000001}",0.2485122438584546,0.34819127229491487,0.25436730371997107,0.10966013196442925,0.14013325051612002,0.22017284047077795,0.086000577543991,112
0.008510684967041016,0.00045095626287918096,0.004801511764526367,0.0004005455119203255,6.315826315789473,0.7778,"{'EL__alpha': 6.315826315789473, 'EL__l1_ratio': 0.7778}",0.28885930895119605,0.3880435422556372,0.30071812078952,0.15826109474462535,0.22048513371780054,0.2712734400917558,0.07766949340570188,90
0.009914922714233398,0.0006542958106503352,0.005208539962768555,0.00039727316319918763,6.315826315789473,0.8889,"{'EL__alpha': 6.315826315789473, 'EL__l1_ratio': 0.8889}",0.3521938168370029,0.4558344555965199,0.36868934853511615,0.24765174834501746,0.358555782886291,0.35658503043998946,0.06616130210409125,61
0.009200286865234376,0.00039985195183451084,0.004600715637207031,0.0004904282434955374,6.315826315789473,1.0,"{'EL__alpha': 6.315826315789473, 'EL__l1_ratio': 1.0}",0.4399448144291498,0.5035743167959645,0.4629794649342852,0.5181524156557626,0.6170138494773294,0.5083329722584983,0.06109743055382469,8
0.008300495147705079,0.00040292269799915826,0.005000162124633789,3.5214997172616495e-06,6.842136842105263,0.0001,"{'EL__alpha': 6.842136842105263, 'EL__l1_ratio': 0.0001}",0.15157959053286907,0.25792453185020414,0.13532348240998637,0.007181510199829155,-0.03684190496989981,0.10303344200459778,0.10596540046808903,186
0.009799671173095704,0.0007504268374176278,0.005317211151123047,0.0010680295173276472,6.842136842105263,0.11120000000000001,"{'EL__alpha': 6.842136842105263, 'EL__l1_ratio': 0.11120000000000001}",0.15901748856081954,0.264665005836182,0.14477072293474946,0.01452236695758169,-0.023922308576307838,0.11181065514260498,0.10446793974620606,179
0.008603334426879883,0.0004899836039222244,0.004907798767089844,0.00018704653380379155,6.842136842105263,0.2223,"{'EL__alpha': 6.842136842105263, 'EL__l1_ratio': 0.2223}",0.1681113167322612,0.2729393639323824,0.1562596210597983,0.023596919674535255,-0.007992266456290587,0.12258299098853731,0.10262760146644333,172
0.008597803115844727,0.0004900407800185486,0.004801034927368164,0.0004005447171955017,6.842136842105263,0.33340000000000003,"{'EL__alpha': 6.842136842105263, 'EL__l1_ratio': 0.33340000000000003}",0.17947971994320433,0.28333863569237405,0.17052241630570586,0.03510323237361901,0.012136743716199994,0.13611614960622065,0.10031266456697996,161
0.008919095993041993,0.0011418094172714992,0.006004953384399414,1.082913878600701e-05,6.842136842105263,0.4445,"{'EL__alpha': 6.842136842105263, 'EL__l1_ratio': 0.4445}",0.19409017376271653,0.2968026786731006,0.18868042580793354,0.050174030154027105,0.03837169636804283,0.15362380095316414,0.09731555681329061,149
0.009311628341674805,0.00039984404759567285,0.004799461364746094,0.0003997674479957063,6.842136842105263,0.5556,"{'EL__alpha': 6.842136842105263, 'EL__l1_ratio': 0.5556}",0.21354085172327253,0.31492307784201,0.2125301946423862,0.07078053615109081,0.0739750584113198,0.17714994375401588,0.09329201964954456,133
0.008200502395629883,0.00040109198307251804,0.0052034854888916016,0.0007472071133305785,6.842136842105263,0.6667000000000001,"{'EL__alpha': 6.842136842105263, 'EL__l1_ratio': 0.6667000000000001}",0.2406588767230109,0.3406312182475565,0.24510014268376956,0.10069834033038028,0.1250214400547901,0.21042200360790148,0.08763996798361817,115
0.01020355224609375,0.0007423043119899528,0.005000591278076172,1.2615925364802316e-06,6.842136842105263,0.7778,"{'EL__alpha': 6.842136842105263, 'EL__l1_ratio': 0.7778}",0.2808869550128267,0.38001329534978023,0.29174322511341155,0.148269818608602,0.20422803161502479,0.26102826513992905,0.0792917997479204,92
0.00911264419555664,0.00048587419046127426,0.004799079895019531,0.0003996859584367604,6.842136842105263,0.8889,"{'EL__alpha': 6.842136842105263, 'EL__l1_ratio': 0.8889}",0.3456201952306478,0.4483694788125402,0.36191244683600643,0.2372713548277191,0.34334071204672956,0.3473028375507286,0.06716154193185696,62
0.008320808410644531,0.0004094748412714818,0.005200338363647461,0.0003997337415692929,6.842136842105263,1.0,"{'EL__alpha': 6.842136842105263, 'EL__l1_ratio': 1.0}",0.43987072076743305,0.5037032804019544,0.4630170587738297,0.5181009559168489,0.6170367804124961,0.5083457592545124,0.061112971675834925,7
0.009400129318237305,0.0010196939369613522,0.005111122131347656,0.0006668457712952176,7.368447368421052,0.0001,"{'EL__alpha': 7.368447368421052, 'EL__l1_ratio': 0.0001}",0.14717005452984322,0.25393859374312133,0.12970334539450357,0.002861303418175254,-0.04445530259484576,0.09784359889815952,0.10684980478073648,189
0.009599828720092773,0.0004895151508795411,0.0049994468688964845,8.17605409597504e-07,7.368447368421052,0.11120000000000001,"{'EL__alpha': 7.368447368421052, 'EL__l1_ratio': 0.11120000000000001}",0.15426624496120578,0.26035566727462045,0.13874253435754136,0.009823308412314491,-0.03218581831406464,0.10620038733832349,0.10542528310709617,183
0.008910751342773438,0.0004892909610921192,0.005597400665283203,0.0004901209972018704,7.368447368421052,0.2223,"{'EL__alpha': 7.368447368421052, 'EL__l1_ratio': 0.2223}",0.1629686611987734,0.2682545326644714,0.14977267769852365,0.018449759694226686,-0.01701848104816306,0.11648543004156642,0.10366955105821427,176
0.01330552101135254,0.005658984248501695,0.0062030315399169925,0.0007543494909046289,7.368447368421052,0.33340000000000003,"{'EL__alpha': 7.368447368421052, 'EL__l1_ratio': 0.33340000000000003}",0.17388914278441903,0.2782155811203856,0.16352456869513754,0.029419841939971714,0.0022087029790709423,0.12945156750379697,0.101452936819056,166
0.011002111434936523,0.0006351266426654112,0.005910730361938477,0.0005041491191538556,7.368447368421052,0.4445,"{'EL__alpha': 7.368447368421052, 'EL__l1_ratio': 0.4445}",0.18799270583764027,0.2911681547917421,0.18112898049171977,0.0438420129739483,0.027373063173623424,0.14630098345373477,0.09856914048364263,153
0.014303636550903321,0.0069797940983796075,0.007601594924926758,0.0020568277524172975,7.368447368421052,0.5556,"{'EL__alpha': 7.368447368421052, 'EL__l1_ratio': 0.5556}",0.20689148388050005,0.30869999228798395,0.204423094357297,0.06365966817760149,0.061715579840098456,0.16907796370869618,0.09467116766531919,140
0.010000038146972656,0.0008947356909569885,0.005118703842163086,0.00023491582832849736,7.368447368421052,0.6667000000000001,"{'EL__alpha': 7.368447368421052, 'EL__l1_ratio': 0.6667000000000001}",0.233482108537578,0.33376969482353114,0.23656603904914153,0.09263020629512875,0.1113460439446996,0.2015588185300158,0.08913821291172522,121
0.009313344955444336,0.0004000937403617064,0.0053975582122802734,0.0008008550269979599,7.368447368421052,0.7778,"{'EL__alpha': 7.368447368421052, 'EL__l1_ratio': 0.7778}",0.2734727932717965,0.3726190448119414,0.2833149842386524,0.13916157529517137,0.18928821836067522,0.2515713231956474,0.08081462972425002,97
0.00932326316833496,0.0009794837711193762,0.005999279022216797,0.0006323344620646838,7.368447368421052,0.8889,"{'EL__alpha': 7.368447368421052, 'EL__l1_ratio': 0.8889}",0.33931547284050756,0.44132388174573767,0.355358950918106,0.22761801521590475,0.32898075208472866,0.338519414560997,0.06818074306603147,65
0.008397769927978516,0.000488856454580317,0.005000638961791992,1.2651919518872834e-06,7.368447368421052,1.0,"{'EL__alpha': 7.368447368421052, 'EL__l1_ratio': 1.0}",0.43979658241937314,0.5038320534476076,0.4630545990274654,0.5180494339523407,0.6170596385195499,0.5083584614732674,0.061128586472060924,6
0.008711957931518554,0.0007424008263981225,0.006998920440673828,0.003034911524719835,7.894757894736841,0.0001,"{'EL__alpha': 7.894757894736841, 'EL__l1_ratio': 0.0001}",0.14325478366508249,0.25040598804976155,0.12470056418704156,-0.0009544945927049131,-0.05118750430817354,0.09324386740020144,0.10763298771396103,193
0.010708045959472657,0.002611752697830123,0.007802581787109375,0.005121671776217411,7.894757894736841,0.11120000000000001,"{'EL__alpha': 7.894757894736841, 'EL__l1_ratio': 0.11120000000000001}",0.15003675032339892,0.2565276090647449,0.13336111948432683,0.005664686072735514,-0.03950869053491779,0.10121629488205768,0.10627507929709741,188
0.00860142707824707,0.0004910544900313985,0.004908180236816407,0.0005004346478250752,7.894757894736841,0.2223,"{'EL__alpha': 7.894757894736841, 'EL__l1_ratio': 0.2223}",0.15837622434898413,0.2640810846791428,0.14396112040337494,0.01388336864258266,-0.025038697535483934,0.11105262010772013,0.1045972409266503,180
0.012001228332519532,0.007013764976203366,0.006798839569091797,0.00325386028197108,7.894757894736841,0.33340000000000003,"{'EL__alpha': 7.894757894736841, 'EL__l1_ratio': 0.33340000000000003}",0.1688766473237664,0.273635413034059,0.15722692961988216,0.024362155161378296,-0.006642950550304505,0.12349163891775627,0.10247213051213937,170
0.009311151504516602,0.000401313767161483,0.004799652099609375,0.00039973499295553074,7.894757894736841,0.4445,"{'EL__alpha': 7.894757894736841, 'EL__l1_ratio': 0.4445}",0.1824969933530053,0.2861073557610858,0.17429275185300275,0.038184694254021045,0.01752285010366983,0.13972092906495695,0.09969550241523925,158
0.011321735382080079,0.0053588655248612,0.007599639892578125,0.0028697942999713053,7.894757894736841,0.5556,"{'EL__alpha': 7.894757894736841, 'EL__l1_ratio': 0.5556}",0.20085538024979754,0.3030756831472212,0.1970241362238948,0.05726299568486537,0.05066848178914285,0.16177733541898437,0.09591983964801673,144
0.011710262298583985,0.003304420028186199,0.007199382781982422,0.0039694836306734356,7.894757894736841,0.6667000000000001,"{'EL__alpha': 7.894757894736841, 'EL__l1_ratio': 0.6667000000000001}",0.22689990632466528,0.3275136292952121,0.22868578837606846,0.08532692459266311,0.09891266457583281,0.19346778263288836,0.09051123616319469,125
0.008399009704589844,0.0004892993116859507,0.005001544952392578,1.2434391794591234e-06,7.894757894736841,0.7778,"{'EL__alpha': 7.894757894736841, 'EL__l1_ratio': 0.7778}",0.2665629821294744,0.3657870693368612,0.275391038369286,0.13082096710894164,0.175512772215336,0.24281496583197987,0.0822429912345426,101
0.008719730377197265,0.00039373147246033656,0.0048004150390625,0.00040023393270749143,7.894757894736841,0.8889,"{'EL__alpha': 7.894757894736841, 'EL__l1_ratio': 0.8889}",0.33326866536651933,0.4346628307316801,0.349020895002665,0.21860965614458727,0.31540599888494025,0.33019360922607843,0.06920605884871692,68
0.012307405471801758,0.0057015039772590325,0.005202865600585938,0.0007523381824812116,7.894757894736841,1.0,"{'EL__alpha': 7.894757894736841, 'EL__l1_ratio': 1.0}",0.4397223993849694,0.5039606359329226,0.4630920856951918,0.5179978497622385,0.6170824237984905,0.5083710789147625,0.06114427472599034,5
0.008522558212280273,0.0004520632390597603,0.004798698425292969,0.0003997374103951236,8.421068421052631,0.0001,"{'EL__alpha': 8.421068421052631, 'EL__l1_ratio': 0.0001}",0.13975523917900978,0.2472535365209414,0.12021913424852948,-0.004349407720248832,-0.057183023127018284,0.08913909582024271,0.10833134532790654,195
0.008602714538574219,0.0004928987214949889,0.004998970031738281,0.0006342955270471428,8.421068421052631,0.11120000000000001,"{'EL__alpha': 8.421068421052631, 'EL__l1_ratio': 0.11120000000000001}",0.14624773779512923,0.253104463698103,0.12852824176684907,0.0019582127313713116,-0.04604274878755166,0.09675918144078019,0.10703443617204755,191
0.009308910369873047,0.0008650086361123545,0.005199432373046875,0.00040018781153423427,8.421068421052631,0.2223,"{'EL__alpha': 8.421068421052631, 'EL__l1_ratio': 0.2223}",0.15425045942806548,0.2603396136016728,0.1387254380485774,0.009804623271135737,-0.03221203882396151,0.10618161910509798,0.10542839343326067,184
0.009200382232666015,0.0003988543281420483,0.004916858673095703,0.00017188358494991948,8.421068421052631,0.33340000000000003,"{'EL__alpha': 8.421068421052631, 'EL__l1_ratio': 0.33340000000000003}",0.16435735547722907,0.2695161497599228,0.15153044681622696,0.019832116582268466,-0.014584019498673273,0.1181304098273948,0.10338840305966221,175
0.007999038696289063,1.5713936856540756e-06,0.0055124759674072266,0.0004519342242584867,8.421068421052631,0.4445,"{'EL__alpha': 8.421068421052631, 'EL__l1_ratio': 0.4445}",0.17751868620097844,0.2815368340200697,0.16807620915566068,0.033099222960478514,0.008650457617944474,0.13377628199102637,0.10071286492358106,163
0.009403753280639648,0.0007992958225977486,0.004799032211303711,0.0007476019969981936,8.421068421052631,0.5556,"{'EL__alpha': 8.421068421052631, 'EL__l1_ratio': 0.5556}",0.1953522497553929,0.2979675531283673,0.19024662617320465,0.0514848698963567,0.04066288145147201,0.15514283608095872,0.09705524899978568,148
0.009115266799926757,0.0004709615244685634,0.0050029754638671875,0.0006304232311839634,8.421068421052631,0.6667000000000001,"{'EL__alpha': 8.421068421052631, 'EL__l1_ratio': 0.6667000000000001}",0.2208425941314338,0.3217859613895402,0.22139039012901995,0.07868362732542511,0.08756001444400352,0.18605251748388452,0.09177312700310068,129
0.008910655975341797,0.00018697009344294263,0.005602025985717773,0.000490685097399631,8.421068421052631,0.7778,"{'EL__alpha': 8.421068421052631, 'EL__l1_ratio': 0.7778}",0.26010985748237325,0.35945481697132675,0.26793226138742476,0.12315274748495175,0.1627714715970049,0.23468423098461627,0.08358266555968774,104
0.011401081085205078,0.0008048601134415796,0.005904722213745117,0.00019350275138969555,8.421068421052631,0.8889,"{'EL__alpha': 8.421068421052631, 'EL__l1_ratio': 0.8889}",0.32746851515100006,0.4283550556949922,0.34289076954331377,0.2101781475815837,0.30255391913762275,0.3222892814217025,0.07022760867698818,72
0.010708379745483398,0.0010861135633388514,0.006199407577514649,0.000982824767269895,8.421068421052631,1.0,"{'EL__alpha': 8.421068421052631, 'EL__l1_ratio': 1.0}",0.43964817166422243,0.5040890278579008,0.46312951877700925,0.5179462033465416,0.6171051362493176,0.5083836115789984,0.061160036221208795,4
0.008402442932128907,0.0004953737194936518,0.005000638961791992,0.0006336928198831674,8.94737894736842,0.0001,"{'EL__alpha': 8.94737894736842, 'EL__l1_ratio': 0.0001}",0.13660865475028705,0.24442300816430862,0.11618189215859698,-0.007389471458671082,-0.06255643031433733,0.08545353066003684,0.10895792333658569,198
0.009919977188110352,0.0008168095895603713,0.004998111724853515,3.4962277946135258e-06,8.94737894736842,0.11120000000000001,"{'EL__alpha': 8.94737894736842, 'EL__l1_ratio': 0.11120000000000001}",0.1428339618348099,0.25002521496162633,0.12416449068939528,-0.001366084022494718,-0.051908836844971384,0.09274974932367308,0.10771702098398907,194
0.009114742279052734,0.0004802243331466335,0.00579676628112793,0.00039941693518033723,8.94737894736842,0.2223,"{'EL__alpha': 8.94737894736842, 'EL__l1_ratio': 0.2223}",0.15052389304626967,0.25696633424474735,0.13398460703746062,0.006139289308171203,-0.038665783071204496,0.10178966811308887,0.10617727178339605,187
0.009998416900634766,0.0010953247060458658,0.005707645416259765,0.0003956174709942109,8.94737894736842,0.33340000000000003,"{'EL__alpha': 8.94737894736842, 'EL__l1_ratio': 0.33340000000000003}",0.1602622025510887,0.2657915408273368,0.1463537067252888,0.015751125778225683,-0.02174796103451504,0.11328212296948499,0.10421650451267357,178
0.009799051284790038,0.0011656157626912527,0.005308914184570313,0.0005984811723501346,8.94737894736842,0.4445,"{'EL__alpha': 8.94737894736842, 'EL__l1_ratio': 0.4445}",0.17298839371548203,0.2773885949440783,0.16239982411750176,0.028502947082805874,0.0006174227488099371,0.12837943652173558,0.10163613573308695,167
0.00880427360534668,0.0003906253492458094,0.005200529098510742,0.0003985658896782812,8.94737894736842,0.5556,"{'EL__alpha': 8.94737894736842, 'EL__l1_ratio': 0.5556}",0.1903150820526326,0.29330756536677915,0.18401705106965893,0.046239469627705865,0.03155848938288974,0.14908753149993326,0.09809179374680096,151
0.008313894271850586,0.0005807969761243567,0.00480494499206543,0.0007497202626739623,8.94737894736842,0.6667000000000001,"{'EL__alpha': 8.94737894736842, 'EL__l1_ratio': 0.6667000000000001}",0.2152507450845742,0.3165222302644928,0.2146195996188317,0.07261399112720734,0.07715358233244962,0.17923202968551114,0.09293615302973657,132
0.009711265563964844,0.0006116831492114492,0.005398607254028321,0.0004900973648858986,8.94737894736842,0.7778,"{'EL__alpha': 8.94737894736842, 'EL__l1_ratio': 0.7778}",0.25407131363677826,0.353568827387825,0.26090268304146436,0.11607658906408769,0.15095273688598987,0.227114430003229,0.0848398961048638,106
0.009201335906982421,0.0003994534461034722,0.005122041702270508,0.0002388514689608089,8.94737894736842,0.8889,"{'EL__alpha': 8.94737894736842, 'EL__l1_ratio': 0.8889}",0.32190339504765386,0.4223725790041377,0.336961373531498,0.2022652031189116,0.2903684994494137,0.31477421003032297,0.07123821987418763,73
0.008201885223388671,0.0003986247245929563,0.005001258850097656,8.161301641548387e-06,8.94737894736842,1.0,"{'EL__alpha': 8.94737894736842, 'EL__l1_ratio': 1.0}",0.43957389925713186,0.5042172292225415,0.4631668982729179,0.5178944947052508,0.6171277758720317,0.5083960594659748,0.06117587074140344,3
0.008999109268188477,0.0010951934770767888,0.005307769775390625,0.0004047919364192826,9.47368947368421,0.0001,"{'EL__alpha': 9.47368947368421, 'EL__l1_ratio': 0.0001}",0.13376427351222753,0.24186748775534728,0.11252612975282383,-0.010127585567029085,-0.06739972356098867,0.08212611637847618,0.1095232287206203,199
0.009723758697509766,0.0003940466872646055,0.004998540878295899,1.4896869041264828e-06,9.47368947368421,0.11120000000000001,"{'EL__alpha': 9.47368947368421, 'EL__l1_ratio': 0.11120000000000001}",0.13974238358288393,0.24724051133556468,0.12020500473713391,-0.004364454394181649,-0.057204333259506024,0.08912382240037897,0.10833388480831267,196
0.008307504653930663,0.0004038219397355598,0.004800081253051758,0.0004004255757836166,9.47368947368421,0.2223,"{'EL__alpha': 9.47368947368421, 'EL__l1_ratio': 0.2223}",0.1471413517819602,0.25390944638450563,0.1296720222399972,0.002827488767527697,-0.04450294303333435,0.09780947322813127,0.10685547162860225,190
0.00839996337890625,0.000490076728590467,0.00500020980834961,0.0008947901886974122,9.47368947368421,0.33340000000000003,"{'EL__alpha': 9.47368947368421, 'EL__l1_ratio': 0.33340000000000003}",0.15653427004885268,0.2624074411666085,0.1416292268045547,0.012055480426114595,-0.02824339820127153,0.10887660404897179,0.10496850038813298,182
0.009401607513427734,0.0004963024453166155,0.005715703964233399,0.0006203313601338875,9.47368947368421,0.4445,"{'EL__alpha': 9.47368947368421, 'EL__l1_ratio': 0.4445}",0.16884859859011925,0.27360667927935556,0.1571969174418677,0.02432837648532382,-0.006689795429067225,0.12345815527351982,0.10247768322219282,171
0.008711528778076173,0.0003895277287617966,0.005201101303100586,0.0007507513570142117,9.47368947368421,0.5556,"{'EL__alpha': 9.47368947368421, 'EL__l1_ratio': 0.5556}",0.18568754391726583,0.2890391604236381,0.17827276051819352,0.041455884205995,0.023239071677578993,0.14353888414853427,0.09904167389731465,157
0.009121370315551759,0.0006746939695983983,0.004599761962890625,0.0004897485188076983,9.47368947368421,0.6667000000000001,"{'EL__alpha': 9.47368947368421, 'EL__l1_ratio': 0.6667000000000001}",0.21007341419728143,0.31166810146355206,0.20832073201497248,0.06704626122366253,0.06758021519185953,0.1729377448182656,0.09401100034034676,136
0.009601211547851563,0.0004915223595315155,0.00500192642211914,8.446346216386614e-06,9.47368947368421,0.7778,"{'EL__alpha': 9.47368947368421, 'EL__l1_ratio': 0.7778}",0.24840967033639305,0.34808310892624583,0.25426934295158554,0.10952543123693737,0.13996020285690236,0.22004955126161282,0.08602065707796437,113
0.008599519729614258,0.000489882107110448,0.005707693099975586,0.00039606963519436784,9.47368947368421,0.8889,"{'EL__alpha': 9.47368947368421, 'EL__l1_ratio': 0.8889}",0.31656178375895505,0.41669011858311544,0.3312255808942325,0.1948208004005464,0.278799214377893,0.3076194996029485,0.07223263365928419,78
0.008522129058837891,0.0006054649951060346,0.005001068115234375,3.558751708420809e-06,9.47368947368421,1.0,"{'EL__alpha': 9.47368947368421, 'EL__l1_ratio': 1.0}",0.4394995821636979,0.5043452400268451,0.4632042241829176,0.5178427238383654,0.6171503426666327,0.5084084225756917,0.0611917780703644,2
0.009111261367797852,0.0010334295552055514,0.005201005935668945,0.000399757892631909,10.0,0.0001,"{'EL__alpha': 10.0, 'EL__l1_ratio': 0.0001}",0.13118061142749038,0.2395487542274074,0.10920037342881417,-0.012606627466254627,-0.07178762256897242,0.07910709780969698,0.11003581709079899,200
0.009200716018676757,0.00039916282029207157,0.005002450942993164,6.353575555401181e-06,10.0,0.11120000000000001,"{'EL__alpha': 10.0, 'EL__l1_ratio': 0.11120000000000001}",0.13692953556567333,0.2447100229713164,0.11659630012924949,-0.0070826185672687725,-0.06200857229923651,0.08582893355994678,0.10889406558748138,197
0.008400058746337891,0.0004900971793115743,0.005307197570800781,0.0008815782480747371,10.0,0.2223,"{'EL__alpha': 10.0, 'EL__l1_ratio': 0.2223}",0.14405742677453492,0.25112642903438687,0.12573244961797814,-0.0001796144526655663,-0.04980778321447543,0.09418578155195179,0.10747252183952205,192
0.009202861785888672,0.0007483371004831985,0.005106782913208008,0.0009196605442276718,10.0,0.33340000000000003,"{'EL__alpha': 10.0, 'EL__l1_ratio': 0.33340000000000003}",0.15312647145992364,0.2593191957544263,0.13730062241693342,0.008693000153316532,-0.03415963331185834,0.10485593129454832,0.10565437958361935,185
0.009601449966430664,0.0004907481593694887,0.0057238578796386715,0.0003944535951637756,10.0,0.4445,"{'EL__alpha': 10.0, 'EL__l1_ratio': 0.4445}",0.16505098674126173,0.27014458679560915,0.15241122298799248,0.020519917600214876,-0.013365173161180799,0.1189523081927795,0.10324780253538388,173
0.009201431274414062,0.0003951672578223634,0.005002641677856445,0.0006345244956064344,10.0,0.5556,"{'EL__alpha': 10.0, 'EL__l1_ratio': 0.5556}",0.181421956389749,0.28511492775791447,0.17296009571795912,0.03707561684357763,0.015607516667351162,0.13843602267531027,0.09991514106631555,159
0.00929107666015625,0.0009787167944867716,0.005199956893920899,0.0004000487681755125,10.0,0.6667000000000001,"{'EL__alpha': 10.0, 'EL__l1_ratio': 0.6667000000000001}",0.20526671141440278,0.307177441175553,0.20244760658401628,0.06192026974263731,0.05874405310190589,0.16711121640370305,0.09500697546375719,141
0.009399127960205079,0.0004897273942407848,0.0049193382263183595,0.00017066257029371836,10.0,0.7778,"{'EL__alpha': 10.0, 'EL__l1_ratio': 0.7778}",0.24309180496564975,0.3429578905165419,0.2480021254712066,0.10344198500761492,0.12971103837430553,0.21344096886706376,0.08713065629404126,114
0.007999420166015625,5.43678009557313e-07,0.00567922592163086,0.00041790016706214295,10.0,0.8889,"{'EL__alpha': 10.0, 'EL__l1_ratio': 0.8889}",0.31143245628641225,0.41128514655235837,0.32567651563819777,0.18780166286040634,0.26780106563476325,0.30079936939442764,0.073207119365868,79
0.010661983489990234,0.0032532302067250114,0.005805063247680664,0.0031336119832615764,10.0,1.0,"{'EL__alpha': 10.0, 'EL__l1_ratio': 1.0}",0.4394252203839202,0.5044730602708113,0.4632414965070084,0.5177908907458861,0.6171728366331204,0.5084207009081492,0.0612077579919877,1
